simple,9,,,,,,,
1,2,3,4,5,6,7,8,9
0,0,0,0,0,0,0,0,0
0,0,-100,40,0,0,0,0,0
0,0,-100,31.6190676,-13.1639913,0,0,0,0
0,0,-100,27.83508131,-18.55443384,0,0,0,0
0,0,-100,24.81087447,-22.64640747,0,0,0,0
0,0,-100,22.18082205,-26.05760517,0,0,0,0
0,0,-100,19.80312356,-29.02779859,0,0,0,0
0,0,-100,17.60502306,-31.68013492,0,0,0,0
0,0,-100,15.54331915,-34.08782668,0,0,0,0
0,0,-100,13.58990411,-36.2985808,0,0,0,0
0,0,-100,11.72530466,-38.3455142,0,0,0,0
0,0,-100,9.935397639,-40.25270573,0,0,0,0
0,0,-100,8.209578772,-42.03829306,0,0,0,0
0,0,-100,6.539668154,-43.7163242,0,0,0,0
0,0,-100,4.919219626,-45.29792635,0,0,0,0
0,0,-100,3.343065464,-46.79207675,0,0,0,0
0,0,-100,1.80700521,-48.20612976,0,0,0,0
0,0,-100,0.307586469,-49.54618829,0,0,0,0
0,0,-100,-1.158053545,-50.8173724,0,0,0,0
0,0,-100,-2.592305133,-52.02401787,0,0,0,0
0,0,-100,-3.997174391,-53.16982595,0,0,0,0
0,0,-100,-5.374350908,-54.25797812,0,0,0,0
0,0,-100,-6.725260485,-55.2912255,0,0,0,0
0,0,-100,-8.051106775,-56.27195934,0,0,0,0
0,0,-100,-9.352904571,-57.20226738,0,0,0,0
0,0,-100,-10.63150676,-58.0839793,0,0,0,0
0,0,-100,-11.88762635,-58.91870384,0,0,0,0
0,0,-100,-13.12185468,-59.70785935,0,0,0,0
0,0,-100,-14.33467662,-60.45269907,0,0,0,0
0,0,-100,-15.52648333,-61.15433231,0,0,0,0
0,0,-100,-16.69758316,-61.8137423,0,0,0,0
0,0,-100,-17.84821085,-62.43180121,0,0,0,0
0,0,-100,-18.97853561,-63.00928304,0,0,0,0
0,0,-100,-20.08866807,-63.54687451,0,0,0,0
0,0,-100,-21.17866629,-64.04518456,0,0,0,0
0,0,-100,-22.24854121,-64.50475238,0,0,0,0
0,0,-100,-23.29826129,-64.92605443,0,0,0,0
0,0,-100,-24.32775676,-65.30951046,0,0,0,0
0,0,-100,-25.33692339,-65.65548873,0,0,0,0
0,0,-100,-26.32562581,-65.96431052,0,0,0,0
0,0,-100,-28.26376357,-66.50016793,0,0,0,0
0,0,-99.5,-28.26376357,-66.50016793,0,0,0,0
0,0,-99,-28.26376357,-66.50016793,0,0,0,0
0,0,-98.5,-28.26376357,-66.50016793,0,0,0,0
0,0,-98,-28.26376357,-66.50016793,0,0,0,0
0,0,-97.5,-28.26376357,-66.50016793,0,0,0,0
0,0,-97,-28.26376357,-66.50016793,0,0,0,0
0,0,-96.5,-28.26376357,-66.50016793,0,0,0,0
0,0,-96,-28.26376357,-66.50016793,0,0,0,0
0,0,-95.5,-28.26376357,-66.50016793,0,0,0,0
0,0,-95,-28.26376357,-66.50016793,0,0,0,0
0,0,-94.5,-28.26376357,-66.50016793,0,0,0,0
0,0,-94,-28.26376357,-66.50016793,0,0,0,0
0,0,-93.5,-28.26376357,-66.50016793,0,0,0,0
0,0,-93,-28.26376357,-66.50016793,0,0,0,0
0,0,-92.5,-28.26376357,-66.50016793,0,0,0,0
0,0,-92,-28.26376357,-66.50016793,0,0,0,0
0,0,-91.5,-28.26376357,-66.50016793,0,0,0,0
0,0,-91,-28.26376357,-66.50016793,0,0,0,0
0,0,-90.5,-28.26376357,-66.50016793,0,0,0,0
0,0,-90,-28.26376357,-66.50016793,0,0,0,0
0,0,-90,-28.26376357,-66.50016793,0,0,0,0
0,0,-90,-28.2839161,-67.0045575,0,0,0,0
0,0,-90,-28.29761621,-67.50076016,0,0,0,0
0,0,-90,-28.30493391,-67.98890165,0,0,0,0
0,0,-90,-28.30593566,-68.46910111,0,0,0,0
0,0,-90,-28.30068458,-68.94147148,0,0,0,0
0,0,-90,-28.28924069,-69.40611987,0,0,0,0
0,0,-90,-28.2716611,-69.86314784,0,0,0,0
0,0,-90,-28.24800023,-70.31265175,0,0,0,0
0,0,-90,-28.21830995,-70.75472306,0,0,0,0
0,0,-90,-28.18263977,-71.18944855,0,0,0,0
0,0,-90,-28.14103699,-71.61691061,0,0,0,0
0,0,-90,-28.09354686,-72.03718745,0,0,0,0
0,0,-90,-28.04021268,-72.45035334,0,0,0,0
0,0,-90,-27.98107598,-72.85647879,0,0,0,0
0,0,-90,-27.91617659,-73.25563077,0,0,0,0
0,0,-90,-27.84555281,-73.64787286,0,0,0,0
0,0,-90,-27.76924145,-74.03326544,0,0,0,0
0,0,-90,-27.68727802,-74.41186584,0,0,0,0
0,0,-90,-27.59969672,-74.78372849,0,0,0,0
0,0,-90,-27.50653064,-75.14890508,0,0,0,0
0,0,-90.5,-27.50653064,-75.14890508,0,0,0,0
0,0,-91,-27.50653064,-75.14890508,0,0,0,0
0,0,-91.5,-27.50653064,-75.14890508,0,0,0,0
0,0,-92,-27.50653064,-75.14890508,0,0,0,0
0,0,-92.5,-27.50653064,-75.14890508,0,0,0,0
0,0,-93,-27.50653064,-75.14890508,0,0,0,0
0,0,-93.5,-27.50653064,-75.14890508,0,0,0,0
0,0,-94,-27.50653064,-75.14890508,0,0,0,0
0,0,-94.5,-27.50653064,-75.14890508,0,0,0,0
0,0,-95,-27.50653064,-75.14890508,0,0,0,0
0,0,-95.5,-27.50653064,-75.14890508,0,0,0,0
0,0,-96,-27.50653064,-75.14890508,0,0,0,0
0,0,-96.5,-27.50653064,-75.14890508,0,0,0,0
0,0,-97,-27.50653064,-75.14890508,0,0,0,0
0,0,-97.5,-27.50653064,-75.14890508,0,0,0,0
0,0,-98,-27.50653064,-75.14890508,0,0,0,0
0,0,-98.5,-27.50653064,-75.14890508,0,0,0,0
0,0,-99,-27.50653064,-75.14890508,0,0,0,0
0,0,-99.5,-27.50653064,-75.14890508,0,0,0,0
0,0,-100,-27.50653064,-75.14890508,0,0,0,0
0,0,-100,-27.50653064,-75.14890508,0,0,0,0
0,0,-100,-27.55380975,-74.96714942,0,0,0,0
0,0,-100,-27.59969672,-74.78372849,0,0,0,0
0,0,-100,-27.64418751,-74.59863609,0,0,0,0
0,0,-100,-27.68727802,-74.41186584,0,0,0,0
0,0,-100,-27.72896408,-74.22341119,0,0,0,0
0,0,-100,-27.76924145,-74.03326544,0,0,0,0
0,0,-100,-27.80810583,-73.84142169,0,0,0,0
0,0,-100,-27.84555281,-73.64787286,0,0,0,0
0,0,-100,-27.88157792,-73.45261171,0,0,0,0
0,0,-100,-27.91617659,-73.25563077,0,0,0,0
0,0,-100,-27.94934419,-73.05692241,0,0,0,0
0,0,-100,-27.98107598,-72.85647879,0,0,0,0
0,0,-100,-28.01136712,-72.65429185,0,0,0,0
0,0,-100,-28.04021268,-72.45035334,0,0,0,0
0,0,-100,-28.06760764,-72.24465477,0,0,0,0
0,0,-100,-28.09354686,-72.03718745,0,0,0,0
0,0,-100,-28.11802509,-71.82794245,0,0,0,0
0,0,-100,-28.14103699,-71.61691061,0,0,0,0
0,0,-100,-28.16257708,-71.40408252,0,0,0,0
0,0,-100,-28.18263977,-71.18944855,0,0,0,0
0,0,-99.5,-28.18263977,-71.18944855,0,0,0,0
0,0,-99,-28.18263977,-71.18944855,0,0,0,0
0,0,-98.5,-28.18263977,-71.18944855,0,0,0,0
0,0,-98,-28.18263977,-71.18944855,0,0,0,0
0,0,-97.5,-28.18263977,-71.18944855,0,0,0,0
0,0,-97,-28.18263977,-71.18944855,0,0,0,0
0,0,-96.5,-28.18263977,-71.18944855,0,0,0,0
0,0,-96,-28.18263977,-71.18944855,0,0,0,0
0,0,-95.5,-28.18263977,-71.18944855,0,0,0,0
0,0,-95,-28.18263977,-71.18944855,0,0,0,0
0,0,-94.5,-28.18263977,-71.18944855,0,0,0,0
0,0,-94,-28.18263977,-71.18944855,0,0,0,0
0,0,-93.5,-28.18263977,-71.18944855,0,0,0,0
0,0,-93,-28.18263977,-71.18944855,0,0,0,0
0,0,-92.5,-28.18263977,-71.18944855,0,0,0,0
0,0,-92,-28.18263977,-71.18944855,0,0,0,0
0,0,-91.5,-28.18263977,-71.18944855,0,0,0,0
0,0,-91,-28.18263977,-71.18944855,0,0,0,0
0,0,-90.5,-28.18263977,-71.18944855,0,0,0,0
0,0,-90,-28.18263977,-71.18944855,0,0,0,0
0,0,-90,-28.18263977,-71.18944855,0,0,0,0
0,0,-90,-28.91630487,-72.10764632,0,0,0,0
0,0,-90,-29.64607694,-73.0150223,0,0,0,0
0,0,-90,-30.37221706,-73.91196284,0,0,0,0
0,0,-90,-31.09497316,-74.79883087,0,0,0,0
0,0,-90,-31.81458115,-75.67596778,0,0,0,0
0,0,-90,-32.53126589,-76.54369507,0,0,0,0
0,0,-90,-33.24524214,-77.4023159,0,0,0,0
0,0,-90,-33.95671529,-78.25211643,0,0,0,0
0,0,-90,-34.66588219,-79.09336705,0,0,0,0
0,0,-90,-35.37293174,-79.92632351,0,0,0,0
0,0,-90,-36.07804557,-80.75122794,0,0,0,0
0,0,-90,-36.78139852,-81.56830976,0,0,0,0
0,0,-90,-37.48315921,-82.37778653,0,0,0,0
0,0,-90,-38.18349044,-83.17986474,0,0,0,0
0,0,-90,-38.88254969,-83.97474047,0,0,0,0
0,0,-90,-39.58048943,-84.76260007,0,0,0,0
0,0,-90,-40.27745757,-85.54362074,0,0,0,0
0,0,-90,-40.97359767,-86.31797108,0,0,0,0
0,0,-90,-41.66904937,-87.08581158,0,0,0,0
0,0,-90,-42.36394859,-87.84729508,0,0,0,0
0,0,-90.5,-42.36394859,-87.84729508,0,0,0,0
0,0,-91,-42.36394859,-87.84729508,0,0,0,0
0,0,-91.5,-42.36394859,-87.84729508,0,0,0,0
0,0,-92,-42.36394859,-87.84729508,0,0,0,0
0,0,-92.5,-42.36394859,-87.84729508,0,0,0,0
0,0,-93,-42.36394859,-87.84729508,0,0,0,0
0,0,-93.5,-42.36394859,-87.84729508,0,0,0,0
0,0,-94,-42.36394859,-87.84729508,0,0,0,0
0,0,-94.5,-42.36394859,-87.84729508,0,0,0,0
0,0,-95,-42.36394859,-87.84729508,0,0,0,0
0,0,-95.5,-42.36394859,-87.84729508,0,0,0,0
0,0,-96,-42.36394859,-87.84729508,0,0,0,0
0,0,-96.5,-42.36394859,-87.84729508,0,0,0,0
0,0,-97,-42.36394859,-87.84729508,0,0,0,0
0,0,-97.5,-42.36394859,-87.84729508,0,0,0,0
0,0,-98,-42.36394859,-87.84729508,0,0,0,0
0,0,-98.5,-42.36394859,-87.84729508,0,0,0,0
0,0,-99,-42.36394859,-87.84729508,0,0,0,0
0,0,-99.5,-42.36394859,-87.84729508,0,0,0,0
0,0,-100,-42.36394859,-87.84729508,0,0,0,0
0,0,-100,-42.36394859,-87.84729508,0,0,0,0
0,0,-100,-42.3965733,-87.64237941,0,0,0,0
0,0,-100,-42.42776182,-87.43597477,0,0,0,0
0,0,-100,-42.45751325,-87.22807777,0,0,0,0
0,0,-100,-42.4858267,-87.01868492,0,0,0,0
0,0,-100,-42.51270119,-86.80779261,0,0,0,0
0,0,-100,-42.53813573,-86.59539707,0,0,0,0
0,0,-100,-42.56212925,-86.38149442,0,0,0,0
0,0,-100,-42.58468064,-86.16608066,0,0,0,0
0,0,-100,-42.60578873,-85.94915161,0,0,0,0
0,0,-100,-42.62545231,-85.73070298,0,0,0,0
0,0,-100,-42.64367008,-85.51073033,0,0,0,0
0,0,-100,-42.66044069,-85.28922907,0,0,0,0
0,0,-100,-42.67576275,-85.06619447,0,0,0,0
0,0,-100,-42.68963476,-84.84162162,0,0,0,0
0,0,-100,-42.70205518,-84.61550548,0,0,0,0
0,0,-100,-42.7130224,-84.38784083,0,0,0,0
0,0,-100,-42.72253471,-84.15862231,0,0,0,0
0,0,-100,-42.73059035,-83.92784437,0,0,0,0
0,0,-100,-42.73718746,-83.6955013,0,0,0,0
0,0,-100,-42.7423241,-83.4615872,0,0,0,0
0,0,-99.5,-42.7423241,-83.4615872,0,0,0,0
0,0,-99,-42.7423241,-83.4615872,0,0,0,0
0,0,-98.5,-42.7423241,-83.4615872,0,0,0,0
0,0,-98,-42.7423241,-83.4615872,0,0,0,0
0,0,-97.5,-42.7423241,-83.4615872,0,0,0,0
0,0,-97,-42.7423241,-83.4615872,0,0,0,0
0,0,-96.5,-42.7423241,-83.4615872,0,0,0,0
0,0,-96,-42.7423241,-83.4615872,0,0,0,0
0,0,-95.5,-42.7423241,-83.4615872,0,0,0,0
0,0,-95,-42.7423241,-83.4615872,0,0,0,0
0,0,-94.5,-42.7423241,-83.4615872,0,0,0,0
0,0,-94,-42.7423241,-83.4615872,0,0,0,0
0,0,-93.5,-42.7423241,-83.4615872,0,0,0,0
0,0,-93,-42.7423241,-83.4615872,0,0,0,0
0,0,-92.5,-42.7423241,-83.4615872,0,0,0,0
0,0,-92,-42.7423241,-83.4615872,0,0,0,0
0,0,-91.5,-42.7423241,-83.4615872,0,0,0,0
0,0,-91,-42.7423241,-83.4615872,0,0,0,0
0,0,-90.5,-42.7423241,-83.4615872,0,0,0,0
0,0,-90,-42.7423241,-83.4615872,0,0,0,0
0,0,-90,-42.7423241,-83.4615872,0,0,0,0
0,0,-90,-42.73059035,-83.92784437,0,0,0,0
0,0,-90,-42.7130224,-84.38784083,0,0,0,0
0,0,-90,-42.68963476,-84.84162162,0,0,0,0
0,0,-90,-42.66044069,-85.28922907,0,0,0,0
0,0,-90,-42.62545231,-85.73070298,0,0,0,0
0,0,-90,-42.58468064,-86.16608066,0,0,0,0
0,0,-90,-42.53813573,-86.59539707,0,0,0,0
0,0,-90,-42.4858267,-87.01868492,0,0,0,0
0,0,-90,-42.42776182,-87.43597477,0,0,0,0
0,0,-90,-42.36394859,-87.84729508,0,0,0,0
0,0,-90,-42.2943938,-88.25267234,0,0,0,0
0,0,-90,-42.2191036,-88.65213114,0,0,0,0
0,0,-90,-42.13808357,-89.04569425,0,0,0,0
0,0,-90,-42.05133877,-89.43338266,0,0,0,0
0,0,-90,-41.95887381,-89.81521573,0,0,0,0
0,0,-90,-41.86069292,-90.19121119,0,0,0,0
0,0,-90,-41.75679997,-90.56138522,0,0,0,0
0,0,-90,-41.64719858,-90.92575254,0,0,0,0
0,0,-90,-41.53189216,-91.28432646,0,0,0,0
0,0,-90,-41.41088392,-91.63711894,0,0,0,0
0,0,-90.5,-41.41088392,-91.63711894,0,0,0,0
0,0,-91,-41.41088392,-91.63711894,0,0,0,0
0,0,-91.5,-41.41088392,-91.63711894,0,0,0,0
0,0,-92,-41.41088392,-91.63711894,0,0,0,0
0,0,-92.5,-41.41088392,-91.63711894,0,0,0,0
0,0,-93,-41.41088392,-91.63711894,0,0,0,0
0,0,-93.5,-41.41088392,-91.63711894,0,0,0,0
0,0,-94,-41.41088392,-91.63711894,0,0,0,0
0,0,-94.5,-41.41088392,-91.63711894,0,0,0,0
0,0,-95,-41.41088392,-91.63711894,0,0,0,0
0,0,-95.5,-41.41088392,-91.63711894,0,0,0,0
0,0,-96,-41.41088392,-91.63711894,0,0,0,0
0,0,-96.5,-41.41088392,-91.63711894,0,0,0,0
0,0,-97,-41.41088392,-91.63711894,0,0,0,0
0,0,-97.5,-41.41088392,-91.63711894,0,0,0,0
0,0,-98,-41.41088392,-91.63711894,0,0,0,0
0,0,-98.5,-41.41088392,-91.63711894,0,0,0,0
0,0,-99,-41.41088392,-91.63711894,0,0,0,0
0,0,-99.5,-41.41088392,-91.63711894,0,0,0,0
0,0,-100,-41.41088392,-91.63711894,0,0,0,0
0,0,-100,-41.41088392,-91.63711894,0,0,0,0
0,0,-100,-40.66216945,-91.05037402,0,0,0,0
0,0,-100,-39.9129947,-90.45645229,0,0,0,0
0,0,-100,-39.16331142,-89.85529286,0,0,0,0
0,0,-100,-38.41306757,-89.24683016,0,0,0,0
0,0,-100,-37.6622073,-88.63099371,0,0,0,0
0,0,-100,-36.91067082,-88.00770791,0,0,0,0
0,0,-100,-36.15839433,-87.37689181,0,0,0,0
0,0,-100,-35.40530993,-86.73845883,0,0,0,0
0,0,-100,-34.65134547,-86.0923165,0,0,0,0
0,0,-100,-33.89642445,-85.43836619,0,0,0,0
0,0,-100,-33.14046584,-84.77650273,0,0,0,0
0,0,-100,-32.38338399,-84.10661414,0,0,0,0
0,0,-100,-31.62508835,-83.4285812,0,0,0,0
0,0,-100,-30.86548339,-82.7422771,0,0,0,0
0,0,-100,-30.10446828,-82.04756699,0,0,0,0
0,0,-100,-29.34193674,-81.34430753,0,0,0,0
0,0,-100,-28.57777672,-80.63234635,0,0,0,0
0,0,-100,-27.81187015,-79.91152154,0,0,0,0
0,0,-100,-27.0440926,-79.18166105,0,0,0,0
0,0,-100,-26.27431294,-78.44258205,0,0,0,0
0,0,-99.5,-26.27431294,-78.44258205,0,0,0,0
0,0,-99,-26.27431294,-78.44258205,0,0,0,0
0,0,-98.5,-26.27431294,-78.44258205,0,0,0,0
0,0,-98,-26.27431294,-78.44258205,0,0,0,0
0,0,-97.5,-26.27431294,-78.44258205,0,0,0,0
0,0,-97,-26.27431294,-78.44258205,0,0,0,0
0,0,-96.5,-26.27431294,-78.44258205,0,0,0,0
0,0,-96,-26.27431294,-78.44258205,0,0,0,0
0,0,-95.5,-26.27431294,-78.44258205,0,0,0,0
0,0,-95,-26.27431294,-78.44258205,0,0,0,0
0,0,-94.5,-26.27431294,-78.44258205,0,0,0,0
0,0,-94,-26.27431294,-78.44258205,0,0,0,0
0,0,-93.5,-26.27431294,-78.44258205,0,0,0,0
0,0,-93,-26.27431294,-78.44258205,0,0,0,0
0,0,-92.5,-26.27431294,-78.44258205,0,0,0,0
0,0,-92,-26.27431294,-78.44258205,0,0,0,0
0,0,-91.5,-26.27431294,-78.44258205,0,0,0,0
0,0,-91,-26.27431294,-78.44258205,0,0,0,0
0,0,-90.5,-26.27431294,-78.44258205,0,0,0,0
0,0,-90,-26.27431294,-78.44258205,0,0,0,0
0,0,-90,-26.27431294,-78.44258205,0,0,0,0
0,0,-90,-26.89216996,-79.47825844,0,0,0,0
0,0,-90,-27.50434372,-80.50308104,0,0,0,0
0,0,-90,-28.11109811,-81.51747866,0,0,0,0
0,0,-90,-28.71268293,-82.52185535,0,0,0,0
0,0,-90,-29.30933504,-83.51659238,0,0,0,0
0,0,-90,-29.9012795,-84.50205006,0,0,0,0
0,0,-90,-30.48873047,-85.47856938,0,0,0,0
0,0,-90,-31.07189219,-86.44647347,0,0,0,0
0,0,-90,-31.6509597,-87.40606892,0,0,0,0
0,0,-90,-32.22611962,-88.35764705,0,0,0,0
0,0,-90,-32.7975508,-89.30148496,0,0,0,0
0,0,-90,-33.36542495,-90.23784653,0,0,0,0
0,0,-90,-33.92990718,-91.16698339,0,0,0,0
0,0,-90,-34.49115655,-92.08913574,0,0,0,0
0,0,-90,-35.04932652,-93.00453309,0,0,0,0
0,0,-90,-35.60456541,-93.91339501,0,0,0,0
0,0,-90,-36.15701681,-94.81593176,0,0,0,0
0,0,-90,-36.70681996,-95.71234492,0,0,0,0
0,0,-90,-37.25411012,-96.60282789,0,0,0,0
0,0,-90,-37.7990189,-97.48756647,0,0,0,0
0,0,-90,-37.0187454,-96.83761624,0,0,0,0
0,0,-90,-36.23933369,-96.18121955,0,0,0,0
0,0,-90,-35.46070461,-95.51831563,0,0,0,0
0,0,-90,-34.68277582,-94.84883898,0,0,0,0
0,0,-90,-33.9054618,-94.17271918,0,0,0,0
0,0,-90,-33.12867374,-93.48988071,0,0,0,0
0,0,-90,-32.35231953,-92.80024275,0,0,0,0
0,0,-90,-31.57630359,-92.10371894,0,0,0,0
0,0,-90,-30.80052687,-91.40021714,0,0,0,0
0,0,-90,-30.02488667,-90.68963917,0,0,0,0
0,0,-90,-29.24927653,-89.97188054,0,0,0,0
0,0,-90,-28.47358612,-89.24683016,0,0,0,0
0,0,-90,-27.69770105,-88.51436998,0,0,0,0
0,0,-90,-26.92150273,-87.77437465,0,0,0,0
0,0,-90,-26.14486813,-87.02671115,0,0,0,0
0,0,-90,-25.36766963,-86.27123837,0,0,0,0
0,0,-90,-24.58977472,-85.50780667,0,0,0,0
0,0,-90,-23.81104578,-84.73625734,0,0,0,0
0,0,-90,-23.0313398,-83.95642217,0,0,0,0
0,0,-90,-22.25050801,-83.16812276,0,0,0,0
0,0,-90.5,-22.25050801,-83.16812276,0,0,0,0
0,0,-91,-22.25050801,-83.16812276,0,0,0,0
0,0,-91.5,-22.25050801,-83.16812276,0,0,0,0
0,0,-92,-22.25050801,-83.16812276,0,0,0,0
0,0,-92.5,-22.25050801,-83.16812276,0,0,0,0
0,0,-93,-22.25050801,-83.16812276,0,0,0,0
0,0,-93.5,-22.25050801,-83.16812276,0,0,0,0
0,0,-94,-22.25050801,-83.16812276,0,0,0,0
0,0,-94.5,-22.25050801,-83.16812276,0,0,0,0
0,0,-95,-22.25050801,-83.16812276,0,0,0,0
0,0,-95.5,-22.25050801,-83.16812276,0,0,0,0
0,0,-96,-22.25050801,-83.16812276,0,0,0,0
0,0,-96.5,-22.25050801,-83.16812276,0,0,0,0
0,0,-97,-22.25050801,-83.16812276,0,0,0,0
0,0,-97.5,-22.25050801,-83.16812276,0,0,0,0
0,0,-98,-22.25050801,-83.16812276,0,0,0,0
0,0,-98.5,-22.25050801,-83.16812276,0,0,0,0
0,0,-99,-22.25050801,-83.16812276,0,0,0,0
0,0,-99.5,-22.25050801,-83.16812276,0,0,0,0
0,0,-100,-22.25050801,-83.16812276,0,0,0,0
0,0,-100,-22.25050801,-83.16812276,0,0,0,0
0,0,-100,-22.12452978,-83.2554469,0,0,0,0
0,0,-100,-21.99735574,-83.34128806,0,0,0,0
0,0,-100,-21.86898906,-83.42564722,0,0,0,0
0,0,-100,-21.73943289,-83.50852533,0,0,0,0
0,0,-100,-21.60869043,-83.58992328,0,0,0,0
0,0,-100,-21.47676487,-83.66984197,0,0,0,0
0,0,-100,-21.34365945,-83.74828223,0,0,0,0
0,0,-100,-21.20937739,-83.82524488,0,0,0,0
0,0,-100,-21.07392197,-83.90073071,0,0,0,0
0,0,-100,-20.93729646,-83.97474047,0,0,0,0
0,0,-100,-20.79950415,-84.04727491,0,0,0,0
0,0,-100,-20.66054836,-84.11833471,0,0,0,0
0,0,-100,-20.52043243,-84.18792057,0,0,0,0
0,0,-100,-20.37915971,-84.25603312,0,0,0,0
0,0,-100,-20.23673358,-84.32267301,0,0,0,0
0,0,-100,-20.09315745,-84.38784083,0,0,0,0
0,0,-100,-19.94843472,-84.45153717,0,0,0,0
0,0,-100,-19.80256884,-84.51376258,0,0,0,0
0,0,-100,-19.65556326,-84.5745176,0,0,0,0
0,0,-100,-19.50742147,-84.63380274,0,0,0,0
0,0,-99.5,-19.50742147,-84.63380274,0,0,0,0
0,0,-99,-19.50742147,-84.63380274,0,0,0,0
0,0,-98.5,-19.50742147,-84.63380274,0,0,0,0
0,0,-98,-19.50742147,-84.63380274,0,0,0,0
0,0,-97.5,-19.50742147,-84.63380274,0,0,0,0
0,0,-97,-19.50742147,-84.63380274,0,0,0,0
0,0,-96.5,-19.50742147,-84.63380274,0,0,0,0
0,0,-96,-19.50742147,-84.63380274,0,0,0,0
0,0,-95.5,-19.50742147,-84.63380274,0,0,0,0
0,0,-95,-19.50742147,-84.63380274,0,0,0,0
0,0,-94.5,-19.50742147,-84.63380274,0,0,0,0
0,0,-94,-19.50742147,-84.63380274,0,0,0,0
0,0,-93.5,-19.50742147,-84.63380274,0,0,0,0
0,0,-93,-19.50742147,-84.63380274,0,0,0,0
0,0,-92.5,-19.50742147,-84.63380274,0,0,0,0
0,0,-92,-19.50742147,-84.63380274,0,0,0,0
0,0,-91.5,-19.50742147,-84.63380274,0,0,0,0
0,0,-91,-19.50742147,-84.63380274,0,0,0,0
0,0,-90.5,-19.50742147,-84.63380274,0,0,0,0
0,0,-90,-19.50742147,-84.63380274,0,0,0,0
0,0,-90,-19.50742147,-84.63380274,0,0,0,0
0,0,-90,-20.14051863,-85.50853758,0,0,0,0
0,0,-90,-20.77160928,-86.37638352,0,0,0,0
0,0,-90,-21.40086238,-87.23756157,0,0,0,0
0,0,-90,-22.02844221,-88.09228286,0,0,0,0
0,0,-90,-22.65450877,-88.94074925,0,0,0,0
0,0,-90,-23.27921817,-89.78315397,0,0,0,0
0,0,-90,-23.90272297,-90.61968208,0,0,0,0
0,0,-90,-24.52517255,-91.45051107,0,0,0,0
0,0,-90,-25.14671343,-92.27581128,0,0,0,0
0,0,-90,-25.76748952,-93.09574632,0,0,0,0
0,0,-90,-26.38764247,-93.91047352,0,0,0,0
0,0,-90,-27.00731191,-94.72014423,0,0,0,0
0,0,-90,-27.62663569,-95.52490425,0,0,0,0
0,0,-90,-28.24575014,-96.3248941,0,0,0,0
0,0,-90,-28.86479033,-97.12024932,0,0,0,0
0,0,-90,-29.48389026,-97.91110079,0,0,0,0
0,0,-90,-30.10318307,-98.69757494,0,0,0,0
0,0,-90,-30.72280129,-99.47979406,0,0,0,0
0,0,-90,-31.34287704,-100.2578765,0,0,0,0
0,0,-90,-31.96354217,-101.0319368,0,0,0,0
0,0,-90,-31.79029792,-101.0905915,0,0,0,0
0,0,-90,-31.61576558,-101.1477727,0,0,0,0
0,0,-90,-31.43994923,-101.2034794,0,0,0,0
0,0,-90,-31.262853,-101.2577109,0,0,0,0
0,0,-90,-31.08448111,-101.3104665,0,0,0,0
0,0,-90,-30.90483786,-101.3617452,0,0,0,0
0,0,-90,-30.72392761,-101.4115465,0,0,0,0
0,0,-90,-30.54175479,-101.4598695,0,0,0,0
0,0,-90,-30.3583239,-101.5067135,0,0,0,0
0,0,-90,-30.17363951,-101.5520779,0,0,0,0
0,0,-90,-29.98770628,-101.5959618,0,0,0,0
0,0,-90,-29.80052892,-101.6383648,0,0,0,0
0,0,-90,-29.61211222,-101.679286,0,0,0,0
0,0,-90,-29.42246102,-101.7187249,0,0,0,0
0,0,-90,-29.23158026,-101.7566809,0,0,0,0
0,0,-90,-29.03947493,-101.7931533,0,0,0,0
0,0,-90,-28.84615009,-101.8281416,0,0,0,0
0,0,-90,-28.65161088,-101.8616453,0,0,0,0
0,0,-90,-28.45586249,-101.8936637,0,0,0,0
0,0,-90,-28.25891018,-101.9241964,0,0,0,0
0,0,-90.5,-28.25891018,-101.9241964,0,0,0,0
0,0,-91,-28.25891018,-101.9241964,0,0,0,0
0,0,-91.5,-28.25891018,-101.9241964,0,0,0,0
0,0,-92,-28.25891018,-101.9241964,0,0,0,0
0,0,-92.5,-28.25891018,-101.9241964,0,0,0,0
0,0,-93,-28.25891018,-101.9241964,0,0,0,0
0,0,-93.5,-28.25891018,-101.9241964,0,0,0,0
0,0,-94,-28.25891018,-101.9241964,0,0,0,0
0,0,-94.5,-28.25891018,-101.9241964,0,0,0,0
0,0,-95,-28.25891018,-101.9241964,0,0,0,0
0,0,-95.5,-28.25891018,-101.9241964,0,0,0,0
0,0,-96,-28.25891018,-101.9241964,0,0,0,0
0,0,-96.5,-28.25891018,-101.9241964,0,0,0,0
0,0,-97,-28.25891018,-101.9241964,0,0,0,0
0,0,-97.5,-28.25891018,-101.9241964,0,0,0,0
0,0,-98,-28.25891018,-101.9241964,0,0,0,0
0,0,-98.5,-28.25891018,-101.9241964,0,0,0,0
0,0,-99,-28.25891018,-101.9241964,0,0,0,0
0,0,-99.5,-28.25891018,-101.9241964,0,0,0,0
0,0,-100,-28.25891018,-101.9241964,0,0,0,0
0,0,-100,-28.25891018,-101.9241964,0,0,0,0
0,0,-100,-28.06075929,-101.9532429,0,0,0,0
0,0,-100,-27.86141523,-101.9808027,0,0,0,0
0,0,-100,-27.66088343,-102.0068754,0,0,0,0
0,0,-100,-27.45916945,-102.0314606,0,0,0,0
0,0,-100,-27.25627886,-102.0545577,0,0,0,0
0,0,-100,-27.05221733,-102.0761666,0,0,0,0
0,0,-100,-26.84699056,-102.0962867,0,0,0,0
0,0,-100,-26.64060434,-102.1149178,0,0,0,0
0,0,-100,-26.4330645,-102.1320596,0,0,0,0
0,0,-100,-26.22437695,-102.1477117,0,0,0,0
0,0,-100,-26.01454764,-102.161874,0,0,0,0
0,0,-100,-25.80358259,-102.1745461,0,0,0,0
0,0,-100,-25.59148788,-102.1857279,0,0,0,0
0,0,-100,-25.37826962,-102.1954192,0,0,0,0
0,0,-100,-25.16393401,-102.2036197,0,0,0,0
0,0,-100,-24.94848729,-102.2103295,0,0,0,0
0,0,-100,-24.73193575,-102.2155483,0,0,0,0
0,0,-100,-24.51428573,-102.2192761,0,0,0,0
0,0,-100,-24.29554364,-102.2215128,0,0,0,0
0,0,-100,-24.07571591,-102.2222584,0,0,0,0
0,0,-99.5,-24.07571591,-102.2222584,0,0,0,0
0,0,-99,-24.07571591,-102.2222584,0,0,0,0
0,0,-98.5,-24.07571591,-102.2222584,0,0,0,0
0,0,-98,-24.07571591,-102.2222584,0,0,0,0
0,0,-97.5,-24.07571591,-102.2222584,0,0,0,0
0,0,-97,-24.07571591,-102.2222584,0,0,0,0
0,0,-96.5,-24.07571591,-102.2222584,0,0,0,0
0,0,-96,-24.07571591,-102.2222584,0,0,0,0
0,0,-95.5,-24.07571591,-102.2222584,0,0,0,0
0,0,-95,-24.07571591,-102.2222584,0,0,0,0
0,0,-94.5,-24.07571591,-102.2222584,0,0,0,0
0,0,-94,-24.07571591,-102.2222584,0,0,0,0
0,0,-93.5,-24.07571591,-102.2222584,0,0,0,0
0,0,-93,-24.07571591,-102.2222584,0,0,0,0
0,0,-92.5,-24.07571591,-102.2222584,0,0,0,0
0,0,-92,-24.07571591,-102.2222584,0,0,0,0
0,0,-91.5,-24.07571591,-102.2222584,0,0,0,0
0,0,-91,-24.07571591,-102.2222584,0,0,0,0
0,0,-90.5,-24.07571591,-102.2222584,0,0,0,0
0,0,-90,-24.07571591,-102.2222584,0,0,0,0
0,0,-90,-24.07571591,-102.2222584,0,0,0,0
0,0,-90,-23.29532147,-101.4442565,0,0,0,0
0,0,-90,-22.51707268,-100.6609728,0,0,0,0
0,0,-90,-21.74080661,-99.87230359,0,0,0,0
0,0,-90,-20.9663597,-99.07814,0,0,0,0
0,0,-90,-20.19356756,-98.27836799,0,0,0,0
0,0,-90,-19.42226483,-97.47286794,0,0,0,0
0,0,-90,-18.65228489,-96.66151438,0,0,0,0
0,0,-90,-17.88345973,-95.84417575,0,0,0,0
0,0,-90,-17.11561966,-95.02071407,0,0,0,0
0,0,-90,-16.3485931,-94.19098461,0,0,0,0
0,0,-90,-15.58220628,-93.35483551,0,0,0,0
0,0,-90,-14.81628304,-92.51210742,0,0,0,0
0,0,-90,-14.05064442,-91.66263304,0,0,0,0
0,0,-90,-13.28510845,-90.80623665,0,0,0,0
0,0,-90,-12.51948977,-89.94273365,0,0,0,0
0,0,-90,-11.75359922,-89.07192998,0,0,0,0
0,0,-90,-10.98724354,-88.19362151,0,0,0,0
0,0,-90,-10.22022485,-87.30759342,0,0,0,0
0,0,-90,-9.452340287,-86.41361947,0,0,0,0
0,0,-90,-8.683381419,-85.51146124,0,0,0,0
0,0,-90,-9.030423802,-86.35520945,0,0,0,0
0,0,-90,-9.371073504,-87.19087138,0,0,0,0
0,0,-90,-9.705410767,-88.01864457,0,0,0,0
0,0,-90,-10.03350879,-88.838716,0,0,0,0
0,0,-90,-10.35543408,-89.65126269,0,0,0,0
0,0,-90,-10.67124673,-90.45645229,0,0,0,0
0,0,-90,-10.98100072,-91.25444357,0,0,0,0
0,0,-90,-11.28474418,-92.04538694,0,0,0,0
0,0,-90,-11.5825196,-92.82942485,0,0,0,0
0,0,-90,-11.87436405,-93.60669219,0,0,0,0
0,0,-90,-12.16030937,-94.3773167,0,0,0,0
0,0,-90,-12.44038235,-95.14141931,0,0,0,0
0,0,-90,-12.71460485,-95.89911439,0,0,0,0
0,0,-90,-12.98299402,-96.65051013,0,0,0,0
0,0,-90,-13.24556234,-97.39570876,0,0,0,0
0,0,-90,-13.50231777,-98.13480681,0,0,0,0
0,0,-90,-13.7532639,-98.86789535,0,0,0,0
0,0,-90,-13.99839994,-99.59506017,0,0,0,0
0,0,-90,-14.23772092,-100.316382,0,0,0,0
0,0,-90,-14.47121764,-101.0319368,0,0,0,0
0,0,-90.5,-14.47121764,-101.0319368,0,0,0,0
0,0,-91,-14.47121764,-101.0319368,0,0,0,0
0,0,-91.5,-14.47121764,-101.0319368,0,0,0,0
0,0,-92,-14.47121764,-101.0319368,0,0,0,0
0,0,-92.5,-14.47121764,-101.0319368,0,0,0,0
0,0,-93,-14.47121764,-101.0319368,0,0,0,0
0,0,-93.5,-14.47121764,-101.0319368,0,0,0,0
0,0,-94,-14.47121764,-101.0319368,0,0,0,0
0,0,-94.5,-14.47121764,-101.0319368,0,0,0,0
0,0,-95,-14.47121764,-101.0319368,0,0,0,0
0,0,-95.5,-14.47121764,-101.0319368,0,0,0,0
0,0,-96,-14.47121764,-101.0319368,0,0,0,0
0,0,-96.5,-14.47121764,-101.0319368,0,0,0,0
0,0,-97,-14.47121764,-101.0319368,0,0,0,0
0,0,-97.5,-14.47121764,-101.0319368,0,0,0,0
0,0,-98,-14.47121764,-101.0319368,0,0,0,0
0,0,-98.5,-14.47121764,-101.0319368,0,0,0,0
0,0,-99,-14.47121764,-101.0319368,0,0,0,0
0,0,-99.5,-14.47121764,-101.0319368,0,0,0,0
0,0,-100,-14.47121764,-101.0319368,0,0,0,0
0,0,-100,-14.47121764,-101.0319368,0,0,0,0
0,0,-100,-14.73921293,-100.7610879,0,0,0,0
0,0,-100,-14.99993073,-100.4830716,0,0,0,0
0,0,-100,-15.25336287,-100.197901,0,0,0,0
0,0,-100,-15.49950254,-99.90558836,0,0,0,0
0,0,-100,-15.73834426,-99.60614551,0,0,0,0
0,0,-100,-15.96988378,-99.29958346,0,0,0,0
0,0,-100,-16.19411804,-98.98591243,0,0,0,0
0,0,-100,-16.41104505,-98.66514179,0,0,0,0
0,0,-100,-16.62066387,-98.33727998,0,0,0,0
0,0,-100,-16.82297445,-98.00233445,0,0,0,0
0,0,-100,-17.01797761,-97.66031156,0,0,0,0
0,0,-100,-17.20567494,-97.31121656,0,0,0,0
0,0,-100,-17.3860687,-96.95505344,0,0,0,0
0,0,-100,-17.55916177,-96.59182495,0,0,0,0
0,0,-100,-17.72495751,-96.22153241,0,0,0,0
0,0,-100,-17.88345973,-95.84417575,0,0,0,0
0,0,-100,-18.03467254,-95.45975333,0,0,0,0
0,0,-100,-18.17860032,-95.06826192,0,0,0,0
0,0,-100,-18.31524759,-94.66969659,0,0,0,0
0,0,-100,-18.44461891,-94.26405062,0,0,0,0
0,0,-99.5,-18.44461891,-94.26405062,0,0,0,0
0,0,-99,-18.44461891,-94.26405062,0,0,0,0
0,0,-98.5,-18.44461891,-94.26405062,0,0,0,0
0,0,-98,-18.44461891,-94.26405062,0,0,0,0
0,0,-97.5,-18.44461891,-94.26405062,0,0,0,0
0,0,-97,-18.44461891,-94.26405062,0,0,0,0
0,0,-96.5,-18.44461891,-94.26405062,0,0,0,0
0,0,-96,-18.44461891,-94.26405062,0,0,0,0
0,0,-95.5,-18.44461891,-94.26405062,0,0,0,0
0,0,-95,-18.44461891,-94.26405062,0,0,0,0
0,0,-94.5,-18.44461891,-94.26405062,0,0,0,0
0,0,-94,-18.44461891,-94.26405062,0,0,0,0
0,0,-93.5,-18.44461891,-94.26405062,0,0,0,0
0,0,-93,-18.44461891,-94.26405062,0,0,0,0
0,0,-92.5,-18.44461891,-94.26405062,0,0,0,0
0,0,-92,-18.44461891,-94.26405062,0,0,0,0
0,0,-91.5,-18.44461891,-94.26405062,0,0,0,0
0,0,-91,-18.44461891,-94.26405062,0,0,0,0
0,0,-90.5,-18.44461891,-94.26405062,0,0,0,0
0,0,-90,-18.44461891,-94.26405062,0,0,0,0
0,0,-90,-18.44461891,-94.26405062,0,0,0,0
0,0,-90,-18.03334517,-94.26112784,0,0,0,0
0,0,-90,-17.61806315,-94.25235959,0,0,0,0
0,0,-90,-17.19881522,-94.23774606,0,0,0,0
0,0,-90,-16.77564416,-94.21728758,0,0,0,0
0,0,-90,-16.3485931,-94.19098461,0,0,0,0
0,0,-90,-15.91770547,-94.15883773,0,0,0,0
0,0,-90,-15.48302505,-94.12084766,0,0,0,0
0,0,-90,-15.04459583,-94.07701522,0,0,0,0
0,0,-90,-14.60246208,-94.02734134,0,0,0,0
0,0,-90,-14.15666826,-93.97182706,0,0,0,0
0,0,-90,-13.70725898,-93.91047352,0,0,0,0
0,0,-90,-13.25427902,-93.84328192,0,0,0,0
0,0,-90,-12.79777325,-93.77025359,0,0,0,0
0,0,-90,-12.3377866,-93.69138987,0,0,0,0
0,0,-90,-11.87436405,-93.60669219,0,0,0,0
0,0,-90,-11.40755057,-93.51616201,0,0,0,0
0,0,-90,-10.93739111,-93.41980083,0,0,0,0
0,0,-90,-10.46393051,-93.31761015,0,0,0,0
0,0,-90,-9.987213542,-93.20959148,0,0,0,0
0,0,-90,-9.507284811,-93.09574632,0,0,0,0
0,0,-90.5,-9.507284811,-93.09574632,0,0,0,0
0,0,-91,-9.507284811,-93.09574632,0,0,0,0
0,0,-91.5,-9.507284811,-93.09574632,0,0,0,0
0,0,-92,-9.507284811,-93.09574632,0,0,0,0
0,0,-92.5,-9.507284811,-93.09574632,0,0,0,0
0,0,-93,-9.507284811,-93.09574632,0,0,0,0
0,0,-93.5,-9.507284811,-93.09574632,0,0,0,0
0,0,-94,-9.507284811,-93.09574632,0,0,0,0
0,0,-94.5,-9.507284811,-93.09574632,0,0,0,0
0,0,-95,-9.507284811,-93.09574632,0,0,0,0
0,0,-95.5,-9.507284811,-93.09574632,0,0,0,0
0,0,-96,-9.507284811,-93.09574632,0,0,0,0
0,0,-96.5,-9.507284811,-93.09574632,0,0,0,0
0,0,-97,-9.507284811,-93.09574632,0,0,0,0
0,0,-97.5,-9.507284811,-93.09574632,0,0,0,0
0,0,-98,-9.507284811,-93.09574632,0,0,0,0
0,0,-98.5,-9.507284811,-93.09574632,0,0,0,0
0,0,-99,-9.507284811,-93.09574632,0,0,0,0
0,0,-99.5,-9.507284811,-93.09574632,0,0,0,0
0,0,-100,-9.507284811,-93.09574632,0,0,0,0
0,0,-100,-9.507284811,-93.09574632,0,0,0,0
0,0,-100,-8.772535882,-92.56681155,0,0,0,0
0,0,-100,-8.037165328,-92.03080428,0,0,0,0
0,0,-100,-7.301151244,-91.48768557,0,0,0,0
0,0,-100,-6.564468236,-90.93741283,0,0,0,0
0,0,-100,-5.827087378,-90.37993968,0,0,0,0
0,0,-100,-5.088976167,-89.81521573,0,0,0,0
0,0,-100,-4.350098463,-89.24318649,0,0,0,0
0,0,-100,-3.61041443,-88.66379309,0,0,0,0
0,0,-100,-2.869880466,-88.07697219,0,0,0,0
0,0,-100,-2.128449126,-87.48265567,0,0,0,0
0,0,-100,-1.386069036,-86.88077048,0,0,0,0
0,0,-100,-0.642684799,-86.27123837,0,0,0,0
0,0,-100,0.101763114,-85.65397566,0,0,0,0
0,0,-100,0.847338477,-85.02889293,0,0,0,0
0,0,-100,1.594109441,-84.39589478,0,0,0,0
0,0,-100,2.342148676,-83.75487947,0,0,0,0
0,0,-100,3.091533526,-83.10573862,0,0,0,0
0,0,-100,3.842346186,-82.44835685,0,0,0,0
0,0,-100,4.594673891,-81.78261136,0,0,0,0
0,0,-100,5.348609125,-81.10837153,0,0,0,0
0,0,-99.5,5.348609125,-81.10837153,0,0,0,0
0,0,-99,5.348609125,-81.10837153,0,0,0,0
0,0,-98.5,5.348609125,-81.10837153,0,0,0,0
0,0,-98,5.348609125,-81.10837153,0,0,0,0
0,0,-97.5,5.348609125,-81.10837153,0,0,0,0
0,0,-97,5.348609125,-81.10837153,0,0,0,0
0,0,-96.5,5.348609125,-81.10837153,0,0,0,0
0,0,-96,5.348609125,-81.10837153,0,0,0,0
0,0,-95.5,5.348609125,-81.10837153,0,0,0,0
0,0,-95,5.348609125,-81.10837153,0,0,0,0
0,0,-94.5,5.348609125,-81.10837153,0,0,0,0
0,0,-94,5.348609125,-81.10837153,0,0,0,0
0,0,-93.5,5.348609125,-81.10837153,0,0,0,0
0,0,-93,5.348609125,-81.10837153,0,0,0,0
0,0,-92.5,5.348609125,-81.10837153,0,0,0,0
0,0,-92,5.348609125,-81.10837153,0,0,0,0
0,0,-91.5,5.348609125,-81.10837153,0,0,0,0
0,0,-91,5.348609125,-81.10837153,0,0,0,0
0,0,-90.5,5.348609125,-81.10837153,0,0,0,0
0,0,-90,5.348609125,-81.10837153,0,0,0,0
0,0,-90,5.348609125,-81.10837153,0,0,0,0
0,0,-90,5.154482374,-81.46174826,0,0,0,0
0,0,-90,4.961103577,-81.81385577,0,0,0,0
0,0,-90,4.768463094,-82.16471078,0,0,0,0
0,0,-90,4.576551482,-82.51432967,0,0,0,0
0,0,-90,4.385359497,-82.86272847,0,0,0,0
0,0,-90,4.194878086,-83.20992291,0,0,0,0
0,0,-90,4.005098377,-83.55592839,0,0,0,0
0,0,-90,3.81601168,-83.90076002,0,0,0,0
0,0,-90,3.627609481,-84.2444326,0,0,0,0
0,0,-90,3.439883435,-84.58696064,0,0,0,0
0,0,-90,3.252825361,-84.92835839,0,0,0,0
0,0,-90,3.066427241,-85.26863981,0,0,0,0
0,0,-90,2.880681213,-85.6078186,0,0,0,0
0,0,-90,2.69557957,-85.94590819,0,0,0,0
0,0,-90,2.511114751,-86.28292178,0,0,0,0
0,0,-90,2.327279341,-86.61887231,0,0,0,0
0,0,-90,2.144066067,-86.95377248,0,0,0,0
0,0,-90,1.961467792,-87.28763475,0,0,0,0
0,0,-90,1.779477517,-87.62047139,0,0,0,0
0,0,-90,1.598088368,-87.9522944,0,0,0,0
0,0,-90,1.417293605,-88.2831156,0,0,0,0
0,0,-90,1.237086609,-88.61294657,0,0,0,0
0,0,-90,1.057460881,-88.94179872,0,0,0,0
0,0,-90,0.878410046,-89.26968323,0,0,0,0
0,0,-90,0.699927839,-89.59661111,0,0,0,0
0,0,-90,0.522008111,-89.92259314,0,0,0,0
0,0,-90,0.344644824,-90.24763997,0,0,0,0
0,0,-90,0.167832045,-90.57176201,0,0,0,0
0,0,-90,-0.008436051,-90.89496955,0,0,0,0
0,0,-90,-0.184165188,-91.21727265,0,0,0,0
0,0,-90,-0.359360989,-91.53868125,0,0,0,0
0,0,-90,-0.534028978,-91.8592051,0,0,0,0
0,0,-90,-0.708174584,-92.17885378,0,0,0,0
0,0,-90,-0.881803142,-92.49763674,0,0,0,0
0,0,-90,-1.054919895,-92.81556326,0,0,0,0
0,0,-90,-1.227529997,-93.13264247,0,0,0,0
0,0,-90,-1.399638512,-93.44888335,0,0,0,0
0,0,-90,-1.571250421,-93.76429475,0,0,0,0
0,0,-90,-1.742370619,-94.07888536,0,0,0,0
0,0,-90,-1.913003919,-94.39266374,0,0,0,0
0,0,-90,-2.083155054,-94.70563833,0,0,0,0
0,0,-90,-2.252828678,-95.01781742,0,0,0,0
0,0,-90,-2.422029367,-95.32920918,0,0,0,0
0,0,-90,-2.590761622,-95.63982165,0,0,0,0
0,0,-90,-2.759029871,-95.94966274,0,0,0,0
0,0,-90,-2.926838468,-96.25874026,0,0,0,0
0,0,-90,-3.094191696,-96.56706189,0,0,0,0
0,0,-90,-3.593560958,-97.48756647,0,0,0,0
0,0,-90,-3.479865144,-97.44041534,0,0,0,0
0,0,-90,-3.366085574,-97.39303415,0,0,0,0
0,0,-90,-3.252222614,-97.34542294,0,0,0,0
0,0,-90,-3.138276625,-97.29758175,0,0,0,0
0,0,-90,-3.024247967,-97.24951062,0,0,0,0
0,0,-90,-2.910136999,-97.2012096,0,0,0,0
0,0,-90,-2.795944078,-97.15267871,0,0,0,0
0,0,-90,-2.681669559,-97.103918,0,0,0,0
0,0,-90,-2.567313795,-97.05492751,0,0,0,0
0,0,-90,-2.452877138,-97.00570727,0,0,0,0
0,0,-90,-2.338359937,-96.95625733,0,0,0,0
0,0,-90,-2.22376254,-96.90657771,0,0,0,0
0,0,-90,-2.109085293,-96.85666845,0,0,0,0
0,0,-90,-1.99432854,-96.80652959,0,0,0,0
0,0,-90,-1.879492624,-96.75616116,0,0,0,0
0,0,-90,-1.764577884,-96.7055632,0,0,0,0
0,0,-90,-1.649584659,-96.65473573,0,0,0,0
0,0,-90,-1.534513286,-96.60367879,0,0,0,0
0,0,-90,-1.4193641,-96.55239241,0,0,0,0
0,0,-90,2.187121825,-94.84883898,0,0,0,0
0,0,-90,2.377960701,-94.4679419,0,0,0,0
0,0,-90,2.56967235,-94.08578152,0,0,0,0
0,0,-90,2.762264006,-93.70234274,0,0,0,0
0,0,-90,2.955743105,-93.31761015,0,0,0,0
0,0,-90,3.150117297,-92.931568,0,0,0,0
0,0,-90,3.345394445,-92.54420023,0,0,0,0
0,0,-90,3.541582631,-92.15549042,0,0,0,0
0,0,-90,3.738690164,-91.7654218,0,0,0,0
0,0,-90,3.936725583,-91.37397725,0,0,0,0
0,0,-90,4.135697661,-90.98113929,0,0,0,0
0,0,-90,4.335615416,-90.58689002,0,0,0,0
0,0,-90,4.536488112,-90.19121119,0,0,0,0
0,0,-90,4.738325265,-89.79408412,0,0,0,0
0,0,-90,4.941136655,-89.39548974,0,0,0,0
0,0,-90,5.144932328,-88.99540853,0,0,0,0
0,0,-90,5.349722602,-88.59382054,0,0,0,0
0,0,-90,5.555518082,-88.19070537,0,0,0,0
0,0,-90,5.762329657,-87.78604216,0,0,0,0
0,0,-90,5.970168517,-87.37980955,0,0,0,0
0,0,-90,6.179046157,-86.97198571,0,0,0,0
0,0,-90,5.955683467,-87.08826308,0,0,0,0
0,0,-90,5.73265846,-87.20359464,0,0,0,0
0,0,-90,5.509972549,-87.31798113,0,0,0,0
0,0,-90,5.287627181,-87.43142329,0,0,0,0
0,0,-90,5.065623834,-87.54392182,0,0,0,0
0,0,-90,4.843964019,-87.65547739,0,0,0,0
0,0,-90,4.622649277,-87.76609066,0,0,0,0
0,0,-90,4.401681182,-87.87576226,0,0,0,0
0,0,-90,4.181061338,-87.9844928,0,0,0,0
0,0,-90,3.960791377,-88.09228286,0,0,0,0
0,0,-90,3.740872965,-88.199133,0,0,0,0
0,0,-90,3.521307794,-88.30504377,0,0,0,0
0,0,-90,3.302097587,-88.41001569,0,0,0,0
0,0,-90,3.083244097,-88.51404926,0,0,0,0
0,0,-90,2.864749103,-88.61714495,0,0,0,0
0,0,-90,2.646614413,-88.71930323,0,0,0,0
0,0,-90,2.428841865,-88.82052455,0,0,0,0
0,0,-90,2.211433322,-88.92080932,0,0,0,0
0,0,-90,1.994390675,-89.02015794,0,0,0,0
0,0,-90,0.699927839,-89.59661111,0,0,0,0
0,0,-90,0.485501619,-89.68941659,0,0,0,0
0,0,-90,0.271457358,-89.78128855,0,0,0,0
0,0,-90,0.057797175,-89.87222725,0,0,0,0
0,0,-90,-0.155476787,-89.96223292,0,0,0,0
0,0,-90,-0.368362361,-90.05130581,0,0,0,0
0,0,-90,-0.580857358,-90.13944611,0,0,0,0
0,0,-90,-0.792959568,-90.22665403,0,0,0,0
0,0,-90,-1.004666755,-90.31292977,0,0,0,0
0,0,-90,-1.215976666,-90.39827349,0,0,0,0
0,0,-90,-1.426887022,-90.48268536,0,0,0,0
0,0,-90,-1.637395527,-90.56616554,0,0,0,0
0,0,-90,-1.84749986,-90.64871415,0,0,0,0
0,0,-90,-2.057197684,-90.73033134,0,0,0,0
0,0,-90,-2.266486639,-90.81101722,0,0,0,0
0,0,-90,-2.475364346,-90.89077189,0,0,0,0
0,0,-90,-2.683828409,-90.96959545,0,0,0,0
0,0,-90,-2.89187641,-91.04748799,0,0,0,0
0,0,-90,-3.099505914,-91.12444959,0,0,0,0
0,0,-90,-3.306714468,-91.20048031,0,0,0,0
0,0,-90,6.179046157,-86.97198571,0,0,0,0
0,0,-90,6.388974386,-86.56254829,0,0,0,0
0,0,-90,6.599965339,-86.1514744,0,0,0,0
0,0,-90,6.812031481,-85.73874063,0,0,0,0
0,0,-90,7.025185623,-85.324323,0,0,0,0
0,0,-90,7.239440929,-84.90819694,0,0,0,0
0,0,-90,7.454810928,-84.49033731,0,0,0,0
0,0,-90,7.671309523,-84.07071833,0,0,0,0
0,0,-90,7.888951006,-83.64931358,0,0,0,0
0,0,-90,8.10775007,-83.22609601,0,0,0,0
0,0,-90,8.32772182,-82.80103786,0,0,0,0
0,0,-90,8.548881787,-82.37411068,0,0,0,0
0,0,-90,8.771245945,-81.94528528,0,0,0,0
0,0,-90,8.994830721,-81.51453172,0,0,0,0
0,0,-90,9.219653016,-81.08181929,0,0,0,0
0,0,-90,9.445730216,-80.64711645,0,0,0,0
0,0,-90,9.673080214,-80.21039083,0,0,0,0
0,0,-90,9.901721423,-79.7716092,0,0,0,0
0,0,-90,10.1316728,-79.3307374,0,0,0,0
0,0,-90,10.36295386,-78.88774037,0,0,0,0
0,0,-90,10.59558471,-78.44258205,0,0,0,0
0,0,-90,10.30033443,-78.60526055,0,0,0,0
0,0,-90,10.00584952,-78.76604819,0,0,0,0
0,0,-90,9.71213148,-78.92494941,0,0,0,0
0,0,-90,9.419181975,-79.08196854,0,0,0,0
0,0,-90,9.127002774,-79.23710974,0,0,0,0
0,0,-90,8.835595769,-79.39037708,0,0,0,0
0,0,-90,8.544962972,-79.54177449,0,0,0,0
0,0,-90,8.25510651,-79.69130578,0,0,0,0
0,0,-90,7.966028622,-79.83897464,0,0,0,0
0,0,-90,7.67773166,-79.98478465,0,0,0,0
0,0,-90,7.390218085,-80.12873928,0,0,0,0
0,0,-90,7.103490465,-80.27084189,0,0,0,0
0,0,-90,6.817551472,-80.41109573,0,0,0,0
0,0,-90,6.532403884,-80.54950394,0,0,0,0
0,0,-90,6.248050577,-80.68606959,0,0,0,0
0,0,-90,5.964494526,-80.82079561,0,0,0,0
0,0,-90,5.681738807,-80.95368487,0,0,0,0
0,0,-90,5.399786585,-81.08474013,0,0,0,0
0,0,-90,5.118641124,-81.21396406,0,0,0,0
0,0,-90,4.838305774,-81.34135925,0,0,0,0
0,0,-90.5,4.838305774,-81.34135925,0,0,0,0
0,0,-91,4.838305774,-81.34135925,0,0,0,0
0,0,-91.5,4.838305774,-81.34135925,0,0,0,0
0,0,-92,4.838305774,-81.34135925,0,0,0,0
0,0,-92.5,4.838305774,-81.34135925,0,0,0,0
0,0,-93,4.838305774,-81.34135925,0,0,0,0
0,0,-93.5,4.838305774,-81.34135925,0,0,0,0
0,0,-94,4.838305774,-81.34135925,0,0,0,0
0,0,-94.5,4.838305774,-81.34135925,0,0,0,0
0,0,-95,4.838305774,-81.34135925,0,0,0,0
0,0,-95.5,4.838305774,-81.34135925,0,0,0,0
0,0,-96,4.838305774,-81.34135925,0,0,0,0
0,0,-96.5,4.838305774,-81.34135925,0,0,0,0
0,0,-97,4.838305774,-81.34135925,0,0,0,0
0,0,-97.5,4.838305774,-81.34135925,0,0,0,0
0,0,-98,4.838305774,-81.34135925,0,0,0,0
0,0,-98.5,4.838305774,-81.34135925,0,0,0,0
0,0,-99,4.838305774,-81.34135925,0,0,0,0
0,0,-99.5,4.838305774,-81.34135925,0,0,0,0
0,0,-100,4.838305774,-81.34135925,0,0,0,0
0,0,-100,0,0,0,0,0,0
